similarity,train_acc,test_acc,final_loss
cosine,0.9927037037037038,0.9464,0.8805068731307983
dotproduct,0.08251851851851852,0.0804,171.5971221923828
euclidean,0.05385185185185185,0.0462,170.66188049316406
