,seed,task_train_acc,task_test_acc,concepts_train_acc,concepts_test_acc,rules,path
0,1,0.9757407407407407,0.9606,0.9978370370370371,0.99644,"{0: {'0 & 0': 266}, 1: {'0 & 1': 290, '1 & 0': 278}, 2: {'0 & 2': 267, '1 & 1': 340, '2 & 0': 285}, 3: {'1 & 2': 360, '3 & 0': 270, '2 & 1': 293, '0 & 3': 275}, 4: {'3 & 1': 316, '4 & 0': 255, '1 & 3': 353, '2 & 2': 247, '0 & 4': 261}, 5: {'1 & 4': 285, '3 & 2': 266, '4 & 1': 301, '0 & 5': 250, '2 & 3': 271, '5 & 0': 251}, 6: {'2 & 4': 247, '5 & 1': 245, '0 & 6': 272, '4 & 2': 265, '1 & 5': 246, '3 & 3': 284, '6 & 0': 276}, 7: {'0 & 7': 275, '4 & 3': 262, '1 & 6': 286, '2 & 5': 225, '7 & 0': 273, '6 & 1': 322, '5 & 2': 251, '3 & 4': 286}, 8: {'5 & 3': 227, '1 & 7': 330, '3 & 5': 283, '2 & 6': 243, '6 & 2': 249, '8 & 0': 255, '7 & 1': 307, '4 & 4': 256, '0 & 8': 243}, 9: {'4 & 5': 230, '8 & 1': 280, '6 & 3': 237, '1 & 8': 307, '0 & 9': 254, '3 & 6': 248, '9 & 0': 258, '7 & 2': 274, '2 & 7': 283, '5 & 4': 250}, 10: {'1 & 9': 300, '6 & 4': 264, '9 & 1': 300, '8 & 2': 268, '7 & 3': 280, '4 & 6': 255, '5 & 5': 216, '3 & 7': 271, '2 & 8': 265}, 11: {'8 & 3': 269, '3 & 8': 283, '7 & 4': 258, '9 & 2': 256, '4 & 7': 295, '5 & 6': 274, '2 & 9': 280, '6 & 5': 249}, 12: {'3 & 9': 284, '4 & 8': 275, '6 & 6': 272, '7 & 5': 263, '9 & 3': 284, '5 & 7': 261, '8 & 4': 256}, 13: {'6 & 7': 300, '8 & 5': 235, '9 & 4': 261, '7 & 6': 297, '5 & 8': 237, '4 & 9': 245}, 14: {'6 & 8': 251, '7 & 7': 280, '5 & 9': 218, '9 & 5': 252, '8 & 6': 270}, 15: {'9 & 6': 241, '8 & 7': 243, '7 & 8': 284, '6 & 9': 258}, 16: {'7 & 9': 287, '9 & 7': 291, '8 & 8': 253}, 17: {'9 & 8': 278, '8 & 9': 257}, 18: {'9 & 9': 275}}",/Users/chloemansibang/Projects/CMR-editable-now-/experiments/mnist_prob/results/mnist_base/CMR/0/epoch=4-step=1055.ckpt
